Video	title	url	annotation_rating	comments	reviewed_at	reviewer_id
DanTDM_ixZFolOiBJY	Minecraft | ANGRY SQUIDWARD!! | Sneaky Assassins Minigame	https://www.youtube.com/watch?v=ixZFolOiBJY	good		2025-07-30T17:15:46.528938	default
The_Local_Project_KeUKlpiGm1g	An Architect's Home That Explores Art and Architecture (House Tour)	https://www.youtube.com/watch?v=KeUKlpiGm1g	good		2025-07-30T17:16:03.210557	default
Simplilearn_Itopz-raZSY	Top 10 Most Dangerous Hackers Of All Time | Top 10 Hackers In The World | Simplilearn	https://www.youtube.com/watch?v=Itopz-raZSY	bad		2025-07-30T17:16:18.032709	default
Law_Crime_Network_L1Zr8D9KAko	Vet Killed Marine Ex-Husband, Shot Him While He Was Down: Cops	https://www.youtube.com/watch?v=L1Zr8D9KAko	bad		2025-07-30T17:16:33.642041	default
Learn_Bright_q7JK5Vxf_VQ	All about China for Kids | Learn interesting facts about China and Chinese culture	https://www.youtube.com/watch?v=q7JK5Vxf_VQ	bad		2025-07-30T17:16:45.362546	default
Cleo_Abram_fundOLJehWA	Why Don't Dogs Live Longer?	https://www.youtube.com/watch?v=fundOLJehWA	good		2025-07-30T17:17:00.701170	default
Kurzgesagt_fXb02MQ78yQ	The Biggest Eruptions That Changed Earth Forever	https://www.youtube.com/watch?v=fXb02MQ78yQ	good		2025-07-30T17:17:08.224827	default
MIT_OpenCourseWare_8cRnBhBaSOo	Energy levels and diagram for hydrogen	https://www.youtube.com/watch?v=8cRnBhBaSOo	good		2025-07-30T17:17:20.369374	default
IBM_Technology_1r4CIjNPU0o	Generative AI in the Network Operations Center (NOC)	https://www.youtube.com/watch?v=1r4CIjNPU0o	bad		2025-07-30T17:17:29.514275	default
Vox_T1zzyGhA4-g	Pinball isn‚Äôt as random as it seems	https://www.youtube.com/watch?v=T1zzyGhA4-g	bad		2025-07-30T17:17:50.963297	default
Comedy_Dynamics_PnCOsMaKaxw	Steve Trevino LOVES 'Strange Obsessions'	https://www.youtube.com/watch?v=PnCOsMaKaxw	good		2025-07-30T17:18:05.304560	default
Sam_ONella_Academy_k0S37AI2ssA	How to Read Fire Diamonds	https://www.youtube.com/watch?v=k0S37AI2ssA	bad		2025-07-30T17:18:21.769745	default
Seth_Meyers_FWksjbnVdPI	Tracee Ellis Ross Talks Being Put on Blast by Kanye - Late Night with Seth Meyers	https://www.youtube.com/watch?v=FWksjbnVdPI	good		2025-07-30T17:18:28.711986	default
Steve_Kaufmann_O_5HCGJheKs	Vocabulary	https://www.youtube.com/watch?v=O_5HCGJheKs	good		2025-07-30T17:18:36.553246	default
Khan_Academy_yyM0yIOJ2yE	Extranuclear inheritance 1 | Biomolecules | MCAT | Khan Academy	https://www.youtube.com/watch?v=yyM0yIOJ2yE	good		2025-07-30T17:18:43.128849	default
The_School_of_Life_GFKzE52XRmw	The One Subject You Really Need to Study: Your Own Childhood	https://www.youtube.com/watch?v=GFKzE52XRmw	good		2025-07-30T17:18:52.457238	default
RottenTomatoes_9rabhurHbk8	Barbarella (1968) - Healing Sex Scene | Movieclips	https://www.youtube.com/watch?v=9rabhurHbk8	bad		2025-07-30T17:19:05.979424	default
Khan_Academy_Ld7Vxb5XV6A	Using algebra to find measures of angles formed from transversal | Geometry | Khan Academy	https://www.youtube.com/watch?v=Ld7Vxb5XV6A	good		2025-07-30T17:19:13.146026	default
Dont_Tell_Comedy_kRCgGbALnLo	How To Fix Trans Sports | Maxx Eddy | Stand Up Comedy	https://www.youtube.com/watch?v=kRCgGbALnLo	bad		2025-07-30T17:19:18.967955	default
LawShelf_ydEgreKaePI	Defenses to Intentional Torts: Module 3 of 5	https://www.youtube.com/watch?v=ydEgreKaePI	good		2025-07-30T17:19:39.944261	default
halfasinteresting_4z1-KJbH7Sk	Quarter as Interesting: The Topics That Weren't Good Enough	https://www.youtube.com/watch?v=4z1-KJbH7Sk	good		2025-07-30T17:20:22.055763	default
Knatim_y_w2q2GhTME	Teacher Moderation Guided Reading/Guided Writing Pt2 of 2	https://www.youtube.com/watch?v=y_w2q2GhTME	good		2025-07-30T17:20:32.840832	default
LawShelf_lCGzP2iRdIA	Real Property Ownership: The Estate System and Future Interests	https://www.youtube.com/watch?v=lCGzP2iRdIA	bad		2025-07-30T17:21:04.401256	default
MrBeast_Gaming_ilS38Z0vysA	100 Assassins vs 10 Real Cops!	https://www.youtube.com/watch?v=ilS38Z0vysA	good		2025-07-30T17:21:10.498418	default
Comedy_Central_Stand_Up_ISvhTzOvIHk	John Oliver's Rousing Halftime Speech to America - John Oliver's New York Stand-Up Show	https://www.youtube.com/watch?v=ISvhTzOvIHk	bad		2025-07-30T17:21:25.192931	default
eHowEducation_DuPmzX-u_jc	How Do Scientists Know the Mass of Mars? : Astronomy & the Solar System	https://www.youtube.com/watch?v=DuPmzX-u_jc	good		2025-07-30T17:21:41.154647	default
Vox_SoP_lJ0FWoc	"Why ""pop-up"" restaurants are everywhere now"	https://www.youtube.com/watch?v=SoP_lJ0FWoc	good		2025-07-30T17:21:51.376631	default
The_Late_Show_Stephen_Colbert_CcIK8lxyQ_M	Grace Bowers ‚ÄúThem Changes‚Äù - Commercial Breakdown with Louis Cato & The Late Show Band	https://www.youtube.com/watch?v=CcIK8lxyQ_M	bad		2025-07-30T17:21:59.719138	default
Seth_Meyers_WZoIL9_ueOM	Nick Offerman Was Intimidated by Megan Mullally‚Äôs Success When They First Met	https://www.youtube.com/watch?v=WZoIL9_ueOM	good		2025-07-30T17:22:20.544353	default
Variety_B7HXnSGnisE	Penn Badgley Reads Classic Literature as Joe From 'You'	https://www.youtube.com/watch?v=B7HXnSGnisE	good		2025-07-30T17:22:49.519431	default
Sprouts_kpjeMaOirvg	The Halo Effect [Pretty Privilege]	https://www.youtube.com/watch?v=kpjeMaOirvg	good		2025-07-30T17:23:01.848008	default
Allure_m8ubmPSJ_vI	Anne Hathaway Tries 9 Things She's Never Done Before | Allure	https://www.youtube.com/watch?v=m8ubmPSJ_vI	good		2025-07-30T17:23:19.111226	default
National_Geographic_C_s-MNZAVjs	Climbing Angel Falls, the Beauty and the Danger | One Strange Rock	https://www.youtube.com/watch?v=C_s-MNZAVjs	good		2025-07-30T17:23:41.143763	default
Astrum_kDHouMEXHQg	The Largest Planetary System that Could Exist	https://www.youtube.com/watch?v=kDHouMEXHQg	good		2025-07-30T17:23:51.318813	default
StatQuest_FKM7hZKYEqw	Your Dark Side	https://www.youtube.com/watch?v=FKM7hZKYEqw	bad		2025-07-30T17:24:12.120624	default
Unbox_Therapy_aarsyus_dP0	This Slime Could Be Good For Your Phone...	https://www.youtube.com/watch?v=aarsyus_dP0	good		2025-07-30T17:24:20.088030	default
RottenTomatoes_u4gz2yNW_Go	Puss in Boots (2011) - Wild Goose Rampage Scene (9/10) | Movieclips	https://www.youtube.com/watch?v=u4gz2yNW_Go	good		2025-07-30T17:24:38.295635	default
AsapSCIENCE_1Ya67aLaaCc	The Science of Pornography Addiction (SFW)	https://www.youtube.com/watch?v=1Ya67aLaaCc	bad		2025-07-30T17:24:52.254884	default
Khan_Academy_gLWWXZTSoq4	LearnStorm Growth Mindset: Dave Paunesku on teacher modeling of growth mindset	https://www.youtube.com/watch?v=gLWWXZTSoq4	good		2025-07-30T17:25:11.238978	default
Not_Another_Cooking_Show_MNCgDPZRr2g	ITALIAN PINWHEEL SANDWICHES | PACK A BETTER SCHOOL LUNCH	https://www.youtube.com/watch?v=MNCgDPZRr2g	good		2025-07-30T17:25:20.232009	default
CNN_US_News_zUQZk-GVVfs	Special counsel scrutinizing meeting where Trump praised election security	https://www.youtube.com/watch?v=zUQZk-GVVfs	bad		2025-07-30T17:25:45.142365	default
PewDiePie_0looVXRbaDk	Genius needs to be stopped!	https://www.youtube.com/watch?v=0looVXRbaDk	bad		2025-07-30T17:26:04.048571	default
Khan_Academy_8lUB2sAQkzw	Induced fit model of enzyme catalysis | Chemical Processes | MCAT | Khan Academy	https://www.youtube.com/watch?v=8lUB2sAQkzw	bad		2025-07-30T17:26:33.503687	default
Key_Peele_vaPYYIFSKPc	Spoiler-Free Zone (feat. Regina Hall) - Key & Peele	https://www.youtube.com/watch?v=vaPYYIFSKPc	bad		2025-07-30T17:26:37.560041	default
Numberphile_3BR8tK-LuB0	Fantastic Quaternions - Numberphile	https://www.youtube.com/watch?v=3BR8tK-LuB0	bad		2025-07-30T17:27:10.941541	default
Steve_Kaufmann_W-dpqJbVgy0	A Chat in Several Languages with the Language Tsar Conor	https://www.youtube.com/watch?v=W-dpqJbVgy0	good		2025-07-30T17:27:21.775304	default
Math_and_Science_UFaph9nE070	Lesson 18 - Integrals Of Exponential Functions, Part 1 (Calculus 1)	https://www.youtube.com/watch?v=UFaph9nE070	good		2025-07-30T17:27:31.654111	default
CNN_US_News_Skwfiuv7cSc	Opinion: Trump opponents are 'going to be living in the basement' if they don't change	https://www.youtube.com/watch?v=Skwfiuv7cSc	good		2025-07-30T17:28:22.878031	default
IBM_Technology_3ij-rga08H4	What is AsyncAPI?	https://www.youtube.com/watch?v=3ij-rga08H4	bad		2025-07-30T17:28:40.902846	default
Science_Channel_pNmoXMVTKDg	How to Make Candy Wafers | How It's Made	https://www.youtube.com/watch?v=pNmoXMVTKDg	bad		2025-07-30T17:30:19.869569	default
Max_Lugavere_T5mB6TMNPgM	When Is The Best Time For Women To Start Hormone Replacement Therapy? (HRT) - Dr. Mary Claire Haver	https://www.youtube.com/watch?v=T5mB6TMNPgM	good		2025-07-30T17:30:47.485803	default
Khan_Academy_KSclrkk_Ako	Types of hormones | Endocrine system physiology | NCLEX-RN | Khan Academy	https://www.youtube.com/watch?v=KSclrkk_Ako	good		2025-07-30T17:30:58.670672	default
Knatim_OPlXPCEUaCY	Engaging Students   in Mathematics Group03_Sharing_2011-10-19.mov	https://www.youtube.com/watch?v=OPlXPCEUaCY	good		2025-07-30T17:31:23.397514	default
Jimmy_Fallon_mGoTs9dHSdo	S. Epatha Merkerson, Miranda Rae Mayo and Jason Beghe Weigh In on the NYC vs. Chicago Pizza Debate	https://www.youtube.com/watch?v=mGoTs9dHSdo	good		2025-07-30T17:31:39.302469	default
SciShow_zn6AD3khu1U	Which Seafood Is Better for the Environment: Farmed or Wild Caught?	https://www.youtube.com/watch?v=zn6AD3khu1U	good		2025-07-30T17:31:52.557383	default
YaleCourses_8O6me9FbnGU	Nature of Genius 413 Creative, Non-Creative, Destructive	https://www.youtube.com/watch?v=8O6me9FbnGU	bad		2025-07-30T17:32:18.556170	default
Kati_Morton_ddf21KKr_Ks	What Is Maladaptive Daydreaming & How To Properly Deal With It  | Dissociation Disorders	https://www.youtube.com/watch?v=ddf21KKr_Ks	good		2025-07-30T17:32:31.118045	default
MrBeast_Gaming_wc7K1sakzMs	The Craziest 8,000 IQ Among Us Outplay Ever!	https://www.youtube.com/watch?v=wc7K1sakzMs	good		2025-07-30T17:32:40.654164	default
RottenTomatoes_GvRD2YqBi74	Spy Kids 4 (2/11) Movie CLIP - Blue Cheese Dressing Bomb (2011) HD	https://www.youtube.com/watch?v=GvRD2YqBi74	good		2025-07-30T17:33:02.524065	default
Steve_Kaufmann_qA-FzGSgMqg	Day 66: Language Learning in the Rain Forest.	https://www.youtube.com/watch?v=qA-FzGSgMqg	good		2025-07-30T17:33:15.509251	default
RottenTomatoes_NGeFA2fWzX8	Fast & Furious 6 (8/10) Movie CLIP - Dom Saves Letty (2013) HD	https://www.youtube.com/watch?v=NGeFA2fWzX8	bad		2025-07-30T17:33:32.525638	default
Dry_Bar_Comedy_ZWW9N2eLjhs	Opposites Really Do Attract. Mark Klein	https://www.youtube.com/watch?v=ZWW9N2eLjhs	good		2025-07-30T17:34:14.957173	default
Khan_Academy_v4HhzvSgUpU	Evaluating a source‚Äôs reasoning and evidence | Reading | Khan Academy	https://www.youtube.com/watch?v=v4HhzvSgUpU	bad		2025-07-30T17:34:24.900663	default
Khan_Academy_3Iu1Z0h1i1Y	Pixar in a Box | Welcome to Pixar in a Box | Khan Academy	https://www.youtube.com/watch?v=3Iu1Z0h1i1Y	bad		2025-07-30T17:34:35.549143	default
DanTDM_-228Fe4uix4	Minecraft | HAMSTERS! (The Great Hamster RACE!) | Mod Showcase	https://www.youtube.com/watch?v=-228Fe4uix4	good		2025-07-30T17:34:41.500235	default
Saturday_Night_Live_ScFh0zNE0aE	Paul Simon and Sabrina Carpenter: Homeward Bound (Live) ‚Äì SNL50	https://www.youtube.com/watch?v=ScFh0zNE0aE	good		2025-07-30T17:34:50.964417	default
Key_Peele_OTUIxtoHxNQ	Why Does Everyone Love Hanging Out at Barbershops? (ft. Billy Dee Williams) - Key & Peele	https://www.youtube.com/watch?v=OTUIxtoHxNQ	bad		2025-07-30T17:34:55.850903	default
MIT_OpenCourseWare_h0m2tsmSPTI	Graphs and Networks	https://www.youtube.com/watch?v=h0m2tsmSPTI	good		2025-07-30T17:35:03.739590	default
Comedy_Dynamics_CRV7DB9Ay3Y	Jackie Kashian's Crossover Event of a Lifetime	https://www.youtube.com/watch?v=CRV7DB9Ay3Y	bad		2025-07-30T17:35:21.245947	default
Kati_Morton_7gSCGibPg38	What is SEX THERAPY?  mental health advice with Therapist Kati Morton & Sexologist Dr. Doe	https://www.youtube.com/watch?v=7gSCGibPg38	bad		2025-07-30T17:35:25.723069	default
Peekaboo_Kidz_FCl9E-uRl7A	What If You Could Time Travel? | Time Machine | The Dr Binocs Show | Peekaboo Kidz	https://www.youtube.com/watch?v=FCl9E-uRl7A	bad		2025-07-30T17:35:29.803063	default
The_B1M_5HoEDxKEhnA	This Will Fix Asia‚Äôs Greatest Traffic Jam	https://www.youtube.com/watch?v=5HoEDxKEhnA	good		2025-07-30T17:35:54.267644	default
The_Local_Project_GtRBmHJCJts	Architects Design a Modern House Inspired by Arches (House Tour)	https://www.youtube.com/watch?v=GtRBmHJCJts	good		2025-07-30T17:36:05.467720	default
Khan_Academy_4tcLzVJdxZs	Free energy and cell potential | Redox reactions and electrochemistry | Chemistry | Khan Academy	https://www.youtube.com/watch?v=4tcLzVJdxZs	good		2025-07-30T17:36:11.461098	default
National_Geographic_6bgBRLWdaVQ	Capturing the Beauty of Africa‚Äôs Wildlife and Fighting to Save It | Nat Geo Live	https://www.youtube.com/watch?v=6bgBRLWdaVQ	bad		2025-07-30T17:36:29.979009	default
ColdFusion_gBTqYvJVHCA	Android (Finally!) is as smooth as ios and windows phone 7!!	https://www.youtube.com/watch?v=gBTqYvJVHCA	bad		2025-07-30T17:37:31.060001	default
Saturday_Night_Live_KnaES8YItiA	Martin Short Five-Timers Club Cold Open - SNL	https://www.youtube.com/watch?v=KnaES8YItiA	good		2025-07-30T17:37:38.956579	default
Knatim_MD_zW0Rd3HU	Teacher Moderation Guided Reading/Guided Writing Pt1 of 2	https://www.youtube.com/watch?v=MD_zW0Rd3HU	good		2025-07-30T17:37:47.154813	default
The_School_of_Life_-HL3PPNrUhU	How To Be A Genius	https://www.youtube.com/watch?v=-HL3PPNrUhU	good		2025-07-30T17:37:55.851809	default
ElectroBOOM_lPAM5Z7Dzfo	Closing a POWER ARC Switch with a WEAK ARC (LATITY-012)	https://www.youtube.com/watch?v=lPAM5Z7Dzfo	good		2025-07-30T17:38:07.061252	default
Peekaboo_Kidz_k_bNsxMcuog	What Causes Ringworms? | Skin Infection | The Dr Binocs Show | Peekaboo Kidz	https://www.youtube.com/watch?v=k_bNsxMcuog	bad		2025-07-30T17:38:11.868782	default
Math_and_Science_RElSiuX4rZk	01 - Learn to Add Fractions With Like Denominators (5th Grade Math)	https://www.youtube.com/watch?v=RElSiuX4rZk	good		2025-07-30T17:38:18.588351	default
The_Sociolinguistics_Channel_gvBfgrtqqoU	Research Methods in Sociolinguistics: Critical Discourse Analysis	https://www.youtube.com/watch?v=gvBfgrtqqoU	good		2025-07-30T17:38:37.459229	default
Kati_Morton_H6WaMQ7q0EE	What makes a good therapist? | Kati Morton	https://www.youtube.com/watch?v=H6WaMQ7q0EE	good		2025-07-30T17:38:45.028852	default
Khan_Academy_zSIJcGPIzro	Calculating the equilibrium constant from the standard cell potential edited | Khan Academy	https://www.youtube.com/watch?v=zSIJcGPIzro	good		2025-07-30T17:38:53.771955	default
OxfordUnion_H5b33zrRTj8	Religious Freedom Supersedes Civil Liberties | Vivien Hasan | Part 1 of 6	https://www.youtube.com/watch?v=H5b33zrRTj8	good		2025-07-30T17:39:22.186945	default
How_Its_Made_qs26hfRA2L8	Silver in Factories | HOW IT'S MADE	https://www.youtube.com/watch?v=qs26hfRA2L8	bad		2025-07-30T17:39:41.058663	default
Professor_Dave_Explains_BJCO97BpYIE	‚ÄòOumuamua: Interstellar Visitor	https://www.youtube.com/watch?v=BJCO97BpYIE	good		2025-07-30T17:41:23.835078	default
Project_Better_Self_rUjLR_Sxbd8	HOW TO WAKE UP AT EARLY AND NOT FEEL TIRED | HOW I FINALLY TRAINED MYSELF TO WAKE UP EARLY	https://www.youtube.com/watch?v=rUjLR_Sxbd8	bad		2025-07-30T17:41:47.667096	default
TEDx_IPUrwY6bVTo	5 Powerful Principles of Leadership and Motherhood | Mandy Purwa Hartono | TEDxYouth@SWA	https://www.youtube.com/watch?v=IPUrwY6bVTo	good		2025-07-30T17:42:04.332796	default
TED_Ed_xvjK-4NXRsM	What happens when you have a concussion? - Clifford Robbins	https://www.youtube.com/watch?v=xvjK-4NXRsM	good		2025-07-30T17:42:10.858891	default
Professor_Dave_Explains_wgHx_AFNqF8	Gabriel Amine Synthesis	https://www.youtube.com/watch?v=wgHx_AFNqF8	bad		2025-07-30T17:42:35.386539	default
SmarterEveryDay_2vKhZfM8nbg	Men wrestle 8 point deer to save its life (buck)	https://www.youtube.com/watch?v=2vKhZfM8nbg	bad		2025-07-30T17:42:41.482552	default
BBC_World_Service_UMgj4jyB1gc	Hiroshima: The trees that survived an atomic bomb - BBC World Service	https://www.youtube.com/watch?v=UMgj4jyB1gc	good		2025-07-30T17:43:01.162884	default
Education_Week_OKXnzXLKOw4	Bringing the ‚ÄòWhy‚Äô To Life: How to Enlist Teachers Behind a Challenging New Curriculum	https://www.youtube.com/watch?v=OKXnzXLKOw4	good		2025-07-30T17:43:16.833977	default
Integza_h975HYimtAc	I 3D Printed a Leg for a Redditor	https://www.youtube.com/watch?v=h975HYimtAc	bad		2025-07-30T17:43:36.625506	default
Chris_Williamson_QkxlHOKA5Lo	Why So Many Women Think Men Are Trash | Matthew Hussey	https://www.youtube.com/watch?v=QkxlHOKA5Lo	good		2025-07-30T17:44:18.714739	default
Khan_Academy_nW1rxuQft1o	Open-end mutual fund redemptions (part 2)  | Finance & Capital Markets | Khan Academy	https://www.youtube.com/watch?v=nW1rxuQft1o	good		2025-07-30T17:44:24.448336	default
IBM_Technology_HIusawrGBN4	"What is Synthetic Data? No, It's Not ""Fake"" Data"	https://www.youtube.com/watch?v=HIusawrGBN4	good		2025-07-30T17:44:30.145287	default
DanTDM_xG_YTPtjMLs	Minecraft | FIND THE FAKE TRAYAURUS!! | Sneaky Assassins Minigame	https://www.youtube.com/watch?v=xG_YTPtjMLs	good		2025-07-30T17:44:34.840230	default
IBM_Technology_kPPFNrlN3zo	What is the CIA Triad	https://www.youtube.com/watch?v=kPPFNrlN3zo	bad		2025-07-30T17:44:42.368923	default
DanTDM_OY7X38-mYTE	Minecraft | MINI MUTANT ZOMBIE!! | Custom Command	https://www.youtube.com/watch?v=OY7X38-mYTE	bad		2025-07-30T17:44:48.504906	default
Sam_the_Cooking_Guy_Vum-Umvo5P8	CHEESY BUTTERY SPICY GARLIC KNOTS | SAM THE COOKING GUY 4K	https://www.youtube.com/watch?v=Vum-Umvo5P8	good		2025-07-30T17:44:57.476459	default
Sprouts_X_90QQ2QWUc	Can We Trust The DSM-5?	https://www.youtube.com/watch?v=X_90QQ2QWUc	good		2025-07-30T17:45:06.338391	default
Saturday_Night_Live_cX07XWVoJQ0	Brilliant Lawyer - SNL	https://www.youtube.com/watch?v=cX07XWVoJQ0	good		2025-07-30T17:45:29.393961	default
Seth_Meyers_kZt6c4Pz3Kw	Issa Rae Is Extremely Jealous of Kumail Nanjiani‚Äôs Fitness Transformation	https://www.youtube.com/watch?v=kZt6c4Pz3Kw	good		2025-07-30T17:49:30.839113	default
RottenTomatoes_AmSH3-1V188	Resident Evil: Damnation (2012) - Tyrant vs. Lickers Scene (9/10) | Movieclips	https://www.youtube.com/watch?v=AmSH3-1V188	good		2025-07-30T17:49:46.159135	default
Gordon_Ramsay_0NZvqCwKXJE	Gordon Ramsay's Christmas Main Dinners | Part Two	https://www.youtube.com/watch?v=0NZvqCwKXJE	good		2025-07-30T17:50:01.848136	default
CGP_Grey_kF8I_r9XT7A	How to Become Pope	https://www.youtube.com/watch?v=kF8I_r9XT7A	good		2025-07-30T17:50:08.542390	default
The_School_of_Life_Vf7-7zL67Pg	Panic Attacks	https://www.youtube.com/watch?v=Vf7-7zL67Pg	good		2025-07-30T17:50:14.864046	default
AlphaPhoenix_1IVhtoFYMVo	IP over AC: Mmmmmm Ppppfffftttt SssshhhhhhhWOOOSH	https://www.youtube.com/watch?v=1IVhtoFYMVo	bad		2025-07-30T17:50:35.263979	default
AumSum_Time_DRCp_Yk7zI4	What if all the Mountains Disappeared? + more videos | #aumsum #kids #science #education #children	https://www.youtube.com/watch?v=DRCp_Yk7zI4	bad		2025-07-30T17:50:58.983545	default
Engineering_Explained_sd6pJtR4PaY	How Rotary Engines Work - Mazda RX-7 Wankel - Detailed Explanation	https://www.youtube.com/watch?v=sd6pJtR4PaY	bad		2025-07-30T17:51:13.687288	default
NYT_Podcasts_xRkxOYMrlHw	Thomas Friedman on Iran, Israel and the Middle East's Widening Crisis	https://www.youtube.com/watch?v=xRkxOYMrlHw	bad		2025-07-30T17:51:23.633883	default
DanTDM_dp3s8eL9Lh0	Minecraft | THE TROLLING MACHINE!! (Let's Troll Dr Trayaurus!) | One Command Creation	https://www.youtube.com/watch?v=dp3s8eL9Lh0	bad		2025-07-30T17:51:34.032322	default
French_Cooking_Academy_vKacPWYvR1g	Don't forget the old fashioned macarons: 3 ingredients ready in 20 minutes	https://www.youtube.com/watch?v=vKacPWYvR1g	good		2025-07-30T17:51:40.678638	default
Jeff_Su_Qhtz_BX625Q	Productive TWO DAYS In The Life: Chinese New Year Edition	https://www.youtube.com/watch?v=Qhtz_BX625Q	good		2025-07-30T17:51:58.599036	default
jacksepticeye_bKVJ8XZMF2s	Avenged Sevenfold - Unholy Confessions Drum Cover	https://www.youtube.com/watch?v=bKVJ8XZMF2s	bad		2025-07-30T17:52:02.821439	default
MrBeast_Gaming_PwAMVSqP8_w	I Hosted A $50,000 Talent Show!	https://www.youtube.com/watch?v=PwAMVSqP8_w	bad		2025-07-30T17:52:15.452853	default
TED_Ed_H7ZhDe1K8uU	The fall of the House of Cadmus - Iseult Gillespie	https://www.youtube.com/watch?v=H7ZhDe1K8uU	good		2025-07-30T17:52:55.222821	default
FGTeeV_WgTFmJIBdAw	I'm HUNGRY WUNGRY but MOMMY LONG LEGS wont let me EAT! Dont Get Caught ü¶ñ Huggy Wuggy Poppy Play Mod	https://www.youtube.com/watch?v=WgTFmJIBdAw	good		2025-07-30T17:53:06.317315	default
MrBeast_Gaming_pV15pLyGApQ	$10,000 Bank robbery - Challenge	https://www.youtube.com/watch?v=pV15pLyGApQ	bad		2025-07-30T17:53:16.852580	default
National_Geographic_20Y2yOpiPFI	The Hazards of High Altitude: A Mistake on the First Attempt | Edge of the Unknown on Disney+	https://www.youtube.com/watch?v=20Y2yOpiPFI	good		2025-07-30T17:53:25.773384	default
Real_Time_Bill_Maher_gE3R9ao5fxs	Correspondents Dinner, GOP vs Trump, Climate Science | Overtime with Bill Maher (HBO)	https://www.youtube.com/watch?v=gE3R9ao5fxs	bad		2025-07-30T17:53:44.956932	default
Khan_Academy_-83vVeSC2_g	Functionalism | Society and Culture | MCAT | Khan Academy	https://www.youtube.com/watch?v=-83vVeSC2_g	good		2025-07-30T17:53:51.172967	default
RottenTomatoes_lTiCL83_dR4	Moonraker (10/10) Movie CLIP - Attempting Re-Entry (1979) HD	https://www.youtube.com/watch?v=lTiCL83_dR4	bad		2025-07-30T17:54:00.028946	default
RottenTomatoes_AhcxeUrWTRc	Mr. Peabody & Sherman (2014) - The Flying Machine Scene (5/10) | Movieclips	https://www.youtube.com/watch?v=AhcxeUrWTRc	good		2025-07-30T17:54:06.195511	default
AumSum_Time_N4g6E0luKEk	What if we had a Tiger like Body? + more videos | #aumsum #kids #science #education #whatif	https://www.youtube.com/watch?v=N4g6E0luKEk	good		2025-07-30T17:54:14.579539	default
Learn_Bright_4f3LsMKzxdg	Colonial Times for Kids | Learn about the colonial America	https://www.youtube.com/watch?v=4f3LsMKzxdg	good		2025-07-30T17:54:51.914723	default
30X40_Design_Workshop_54BSxnpeSls	Updating My Workspace - Home Office + Desk Tour	https://www.youtube.com/watch?v=54BSxnpeSls	bad		2025-07-30T17:55:02.979776	default
Geography_Geek_ziBgxehTBDI	Why the Dutch Lead the World in Agriculture Exports	https://www.youtube.com/watch?v=ziBgxehTBDI	good		2025-07-30T17:55:22.091796	default
French_Cooking_Academy_yjcBx0cK7S0	Ribeye Steak With Red Wine Sauce | French Bistro Recipes	https://www.youtube.com/watch?v=yjcBx0cK7S0	good		2025-07-30T17:55:28.859840	default
MIT_OpenCourseWare_dhMAf7qhVLY	Lecture 5.2: Building with DNA  ‚Äî Compatible Ends	https://www.youtube.com/watch?v=dhMAf7qhVLY	good		2025-07-30T17:55:33.628938	default
ColdFusion_TNJn6aUJA6I	The Hacking Wars - How Governments Hack Each Other	https://www.youtube.com/watch?v=TNJn6aUJA6I	good		2025-07-30T17:55:58.964673	default
MIT_OpenCourseWare_VaBMK5JSz2I	L23.2 Permutation operators acting on operators	https://www.youtube.com/watch?v=VaBMK5JSz2I	bad		2025-07-30T17:56:11.132469	default
Chinese_Cooking_Demystified_HgFIS8OD6GQ	Macau Pork Chop Bun (Áå™ÊâíÂåÖ)	https://www.youtube.com/watch?v=HgFIS8OD6GQ	bad		2025-07-30T17:56:19.081868	default
Project_Better_Self_5eK0XmhnB_s	How to (ALWAYS) make good decisions for yourself.	https://www.youtube.com/watch?v=5eK0XmhnB_s	good		2025-07-30T17:56:24.482257	default
Fox_US_News_DIZIBJrofFU	Legal expert predicts Fani Willis‚Äô ‚Äòwhole office‚Äô will be disqualified	https://www.youtube.com/watch?v=DIZIBJrofFU	bad		2025-07-30T17:56:58.858653	default
Chinese_Cooking_Demystified_X5Acm8_Ti5c	Chinese Drinking Food (‰∏ãÈÖíËèú)	https://www.youtube.com/watch?v=X5Acm8_Ti5c	bad		2025-07-30T17:57:07.114409	default
National_Geographic_RuGeeGRdYlQ	The Protectors, Walk in the Ranger's Shoes (Full VR Documentary) | National Geographic	https://www.youtube.com/watch?v=RuGeeGRdYlQ	bad		2025-07-30T17:57:20.500076	default
NileRed_1ueSa6-UqYo	Recreating the chemical traffic light reaction	https://www.youtube.com/watch?v=1ueSa6-UqYo	good		2025-07-30T17:57:29.026985	default
Veritasium_G10m2ZZRH4U	What it‚Äôs like to watch a Total Solar Eclipse	https://www.youtube.com/watch?v=G10m2ZZRH4U	good		2025-07-30T17:57:41.467214	default
David_Taylor_7fYiUXER97U	Audacity 2018 Basic Editing Tutorial for Beginners: Make Your Voice Sound Good	https://www.youtube.com/watch?v=7fYiUXER97U	good		2025-07-30T17:57:48.658749	default
Cooking_With_Claudia_WH5XwtJ_3BE	Creamy Cajun Chicken and Shrimp Pasta Recipe	https://www.youtube.com/watch?v=WH5XwtJ_3BE	bad		2025-07-30T17:57:58.866525	default
AskTheLawyers_k5pru2ttygo	NYC Business Owner Accused of Money Laundering or Tax Evasion? Financial Crimes Defense Attorney	https://www.youtube.com/watch?v=k5pru2ttygo	good		2025-07-30T17:58:19.491058	default
NYT_Podcasts_Imlt86aIgP8	Biden‚Äôs Cancer Diagnosis, Severe Weather in Central U.S., the Schools Embracing AI | The Headlines	https://www.youtube.com/watch?v=Imlt86aIgP8	good		2025-07-30T17:58:43.483091	default
PewDiePie_xejFV2JCmSM	I Built A Cake Ladder in Minecraft to prove god is real - Part 36	https://www.youtube.com/watch?v=xejFV2JCmSM	good		2025-07-30T17:58:55.786859	default
30X40_Design_Workshop_slEvHTzAXhE	Exterior Lighting Concepts (An Architect's Guide)	https://www.youtube.com/watch?v=slEvHTzAXhE	bad		2025-07-30T17:59:07.145708	default
David_Taylor_QypobeKRIhM	Make Your Own Videos For Free: CamStudio Tutorial-P1	https://www.youtube.com/watch?v=QypobeKRIhM	good		2025-07-30T17:59:15.289548	default
Engineering_Explained_vveNnKAxEb0	Nissan GT-R AWD System - How It Works	https://www.youtube.com/watch?v=vveNnKAxEb0	good		2025-07-30T17:59:22.040834	default
FGTeeV_r6C7iWKb1eo	BIGFOOT CAUGHT: Musical Edition! (FGTEEV Finding Bigfoot Mobile Fake)	https://www.youtube.com/watch?v=r6C7iWKb1eo	good		2025-07-30T17:59:29.161185	default
AsapSCIENCE_8ZiD2W8vSXE	This Is The Milk You Should Be Drinking	https://www.youtube.com/watch?v=8ZiD2W8vSXE	bad		2025-07-30T17:59:46.282770	default
IBM_Technology_EOIja7yFScs	What is FaaS (Functions as a Service)?	https://www.youtube.com/watch?v=EOIja7yFScs	good		2025-07-30T18:00:04.505202	default
Real_Time_Bill_Maher_SP1ttCxEcME	Overtime: Bob Woodward, Sarah Silverman, Katty Kay, Cornell Belcher, Bret Stephens	https://www.youtube.com/watch?v=SP1ttCxEcME	good		2025-07-30T18:00:21.594593	default
MIT_OpenCourseWare_ZyYGJc9jNno	Ë°åÂàóÂºè	https://www.youtube.com/watch?v=ZyYGJc9jNno	bad		2025-07-30T18:00:39.105104	default
Mark_Rober_SaG-NQ64540	LED Edge Lit Table- HOW TO	https://www.youtube.com/watch?v=SaG-NQ64540	good		2025-07-30T18:00:50.080526	default
French_Cooking_Academy_jvTl8nLvKL4	Shortcrust Pastry Tutorial (using a food processor)	https://www.youtube.com/watch?v=jvTl8nLvKL4	bad		2025-07-30T18:00:55.575481	default
Fireship_jb2AvF8XzII	15 futuristic databases you‚Äôve never heard of	https://www.youtube.com/watch?v=jb2AvF8XzII	good		2025-07-30T18:01:02.296903	default
Sprouts_a2278dNH5v8	Public Speaking: 12 Rules for The Perfect Speech	https://www.youtube.com/watch?v=a2278dNH5v8	good		2025-07-30T18:01:07.872502	default
Lois_Talagrand_9QGq8xEya_Y	Mimo App Review (Worth It To Learn Coding In 2024?)	https://www.youtube.com/watch?v=9QGq8xEya_Y	good		2025-07-30T18:01:25.840457	default
Lindie_Botes_pe56RCc0iAk	Creating language learning schedules | Tips from Mari Polyglot	https://www.youtube.com/watch?v=pe56RCc0iAk	good		2025-07-30T18:01:38.464921	default
Conan_OBrien_6Pbw6aopu0o	Conan Helps Tom Hanks Get Into The Christmas Spirit | Late Night with Conan O‚ÄôBrien	https://www.youtube.com/watch?v=6Pbw6aopu0o	bad		2025-07-30T18:01:58.720459	default
French_Cooking_Academy_79glUAJ3Dz0	French style mini chicken pies: so easy to eat (it's all in the crust)	https://www.youtube.com/watch?v=79glUAJ3Dz0	bad		2025-07-30T18:02:03.591777	default
Fun_Science_l8WyqK8pTkc	EASY TOILET PAPER ROLL CRAFTS	https://www.youtube.com/watch?v=l8WyqK8pTkc	good		2025-07-30T18:02:13.136912	default
Engineering_Explained_7n6DEYqVDEY	How To Fix A Misreading Speedometer	https://www.youtube.com/watch?v=7n6DEYqVDEY	bad		2025-07-30T18:02:33.553240	default
RottenTomatoes_TiJBxtM5iKw	How to Train Your Dragon 2 (2014) - The Wingsuit Scene (1/10) | Movieclips	https://www.youtube.com/watch?v=TiJBxtM5iKw	good		2025-07-30T18:02:54.472338	default
Domain_of_Science_SzJ46YA_RaA	Map of Computer Science	https://www.youtube.com/watch?v=SzJ46YA_RaA	bad		2025-07-30T18:03:03.319933	default
jacksepticeye__OYJXd2p_1Q	THE DANKEST MEMELORD | Trollface Quest Sports	https://www.youtube.com/watch?v=_OYJXd2p_1Q	good		2025-07-30T18:03:22.879525	default
TED_6ORDQFh0Byw	Lesley Hazleton: The doubt essential to faith	https://www.youtube.com/watch?v=6ORDQFh0Byw	good		2025-07-30T18:03:29.401694	default
NYT_Podcasts_0Xx2SI8kLZ4	Why Trump's Conduct Hasn‚Äôt Tanked His Chances	https://www.youtube.com/watch?v=0Xx2SI8kLZ4	good		2025-07-30T18:03:37.606089	default
Storied_Y9UOEHD4ISo	Creepy Clowns: The Horror Behind the Laughter | Monstrum	https://www.youtube.com/watch?v=Y9UOEHD4ISo	good		2025-07-30T18:03:49.703877	default
Saturday_Night_Live_L9wzXC8Pbq8	Blonde Dragon People - SNL	https://www.youtube.com/watch?v=L9wzXC8Pbq8	good		2025-07-30T18:04:00.376501	default
RottenTomatoes_F2m8oWwxvio	Paranormal Activity: Next of Kin (2021) - Ripped Apart Scene | Movieclips	https://www.youtube.com/watch?v=F2m8oWwxvio	good		2025-07-30T18:04:20.895361	default
Not_Another_Cooking_Show_vU9Yo-48zuU	how to make a NYC FRIED EGG BACON EGG AND CHEESE SANDWICH	https://www.youtube.com/watch?v=vU9Yo-48zuU	bad		2025-07-30T18:04:26.150018	default
French_Cooking_Academy_yZ-_vR5kBVY	Step by step recipe on how to make French Fish Fumet |(Fish stock)	https://www.youtube.com/watch?v=yZ-_vR5kBVY	bad		2025-07-30T18:04:31.437999	default
Khan_Academy_yQtUyBrRBx4	Equity vs. debt | Stocks and bonds | Finance & Capital Markets | Khan Academy	https://www.youtube.com/watch?v=yQtUyBrRBx4	good		2025-07-30T18:04:35.341136	default
Fireship_TIGj7KzXtxg	Simple Pagination with Firebase and Angular 4	https://www.youtube.com/watch?v=TIGj7KzXtxg	good		2025-07-30T18:04:43.718503	default
Veritasium_DBjZz0iQrzI	I'm Atoms (Scientific Cover of Jason Mraz's I'm Yours)	https://www.youtube.com/watch?v=DBjZz0iQrzI	good		2025-07-30T18:05:01.959034	default
National_Geographic_7wxN6udnqUg	Stunning Views LIVE From Hyalite Canyon | Yellowstone Live	https://www.youtube.com/watch?v=7wxN6udnqUg	bad		2025-07-30T18:05:17.365802	default
Real_Time_Bill_Maher_Y8NsBdATmFQ	Real Time with Bill Maher: Overtime- Episode #303	https://www.youtube.com/watch?v=Y8NsBdATmFQ	bad		2025-07-30T18:05:28.630894	default
Khan_Academy_xgTpGASqrKY	The Art of Gem Carving	https://www.youtube.com/watch?v=xgTpGASqrKY	bad		2025-07-30T18:05:54.383751	default
PewDiePie_OR18WrD-aes	CRAFTING FOR MY PETS	https://www.youtube.com/watch?v=OR18WrD-aes	good		2025-07-30T18:06:05.949926	default
Khan_Academy_iql2eFZsV5Y	Great Schism or East-West Schism part 2 | World History | Khan Academy	https://www.youtube.com/watch?v=iql2eFZsV5Y	good		2025-07-30T18:06:21.326600	default
Key_Peele_5Kod1q39ddE	Key & Peele - Dubstep	https://www.youtube.com/watch?v=5Kod1q39ddE	bad		2025-07-30T18:06:25.844713	default
Saturday_Night_Live_yyUNOtRTVuc	12 Years a Slave Auditions - Saturday Night Live	https://www.youtube.com/watch?v=yyUNOtRTVuc	good		2025-07-30T18:06:43.437279	default
Sprouts_y3fm6wNzK70	John Dewey‚Äôs 4 Principles of Education	https://www.youtube.com/watch?v=y3fm6wNzK70	good		2025-07-30T18:06:56.557808	default
edureka_nOsimnAzSng	How to create Maven project in Eclipse | How to Create a Maven Project | Edureka	https://www.youtube.com/watch?v=nOsimnAzSng	bad		2025-07-30T18:07:07.022532	default
Not_Another_Cooking_Show_a0EyzJsf1eo	how to make SPAGHETTI AGLIO E OLIO like an ITALIAN	https://www.youtube.com/watch?v=a0EyzJsf1eo	bad		2025-07-30T18:07:11.220790	default
The_Innomind__q6YhRoOTjs	Chapter 9.1: First Project - Blink LED | Mastering Arduino Course	https://www.youtube.com/watch?v=_q6YhRoOTjs	good		2025-07-30T18:07:17.725575	default
TEDx_4SDI3D2DPoA	A Road to Peace | Shunichi Karube | TEDxSuginami	https://www.youtube.com/watch?v=4SDI3D2DPoA	good		2025-07-30T18:07:26.197759	default
Khan_Academy_7PsgPJoGWig	Simone Martini, Annunciation	https://www.youtube.com/watch?v=7PsgPJoGWig	bad		2025-07-30T18:07:32.749370	default
Fox_US_News_x4NKXFY5xr8	'This is insane': Hospital ripped for 'woke' policies on patient conduct	https://www.youtube.com/watch?v=x4NKXFY5xr8	good		2025-07-30T18:07:45.375156	default
AumSum_Time_LBZQv5uBDac	What if the Moon Exploded? + more videos | #aumsum #kids #science #education #whatif	https://www.youtube.com/watch?v=LBZQv5uBDac	bad		2025-07-30T18:07:55.821136	default
WIRED_WUs5qi_RFnM	Step Into the VOID, Where VR Merges With the Real World | WIRED	https://www.youtube.com/watch?v=WUs5qi_RFnM	bad		2025-07-30T18:08:02.476149	default
Real_Time_Bill_Maher_PcLijL7nLb0	Real Time with Bill Maher: Overtime - Episode #260	https://www.youtube.com/watch?v=PcLijL7nLb0	bad		2025-07-30T18:08:16.214166	default
Law_Crime_Network_sz7_KCZhFFE	Bodycam: Deputies Corner Killer Dogs That Mauled 8-Year-Old	https://www.youtube.com/watch?v=sz7_KCZhFFE	bad		2025-07-30T18:08:33.031278	default
Chinese_Cooking_Demystified_o5Wyut18FgQ	Guizhou Chili Paste - Spicy Ciba Lajiao for Stir-frying (Ë¥µÂ∑ûÁ≥çÁ≤ëËæ£Ê§í)	https://www.youtube.com/watch?v=o5Wyut18FgQ	bad		2025-07-30T18:08:37.444321	default
Saturday_Night_Live_wGYDWO5Fhtg	SNL Commercial Parodies: Health	https://www.youtube.com/watch?v=wGYDWO5Fhtg	bad		2025-07-30T18:08:44.348445	default
Saturday_Night_Live_R8p_SrLrsCw	Kid Klash - SNL	https://www.youtube.com/watch?v=R8p_SrLrsCw	bad		2025-07-30T18:08:55.004967	default
Simplilearn_3a9r-loXoCE	Salesforce Community Cloud | Salesforce Community Cloud Overview | Salesforce Training | Simplilearn	https://www.youtube.com/watch?v=3a9r-loXoCE	bad		2025-07-30T18:09:05.108905	default
Khan_Academy_Vq7EOmvU1eQ	What is inside a hair dryer? (2 of 2) | Electrical engineering | Khan Academy	https://www.youtube.com/watch?v=Vq7EOmvU1eQ	good		2025-07-30T18:09:12.836825	default
National_Geographic_rbQ10sGExd8	Danica Patrick Eats a Scorpion | Running Wild with Bear Grylls	https://www.youtube.com/watch?v=rbQ10sGExd8	bad		2025-07-30T18:09:49.531947	default
Chris_Williamson_ZGOsBZX-m1Y	The Only 10 Exercises You Need To Build Muscle | Sara Saffari	https://www.youtube.com/watch?v=ZGOsBZX-m1Y	good		2025-07-30T18:09:58.787525	default
AsapSCIENCE_6_Qnc_P1xMQ	YOUR BODY IS AMAZING ft. Christine Sydelko	https://www.youtube.com/watch?v=6_Qnc_P1xMQ	good		2025-07-30T18:10:05.316484	default
MrBeast_Gaming_TtfjkcuomT8	Best Minecraft Player vs 100 Players!	https://www.youtube.com/watch?v=TtfjkcuomT8	bad		2025-07-30T18:10:09.826229	default
David_Taylor_Bp5cH2CxNDE	Second Life - Week 2 Skills for EDT613	https://www.youtube.com/watch?v=Bp5cH2CxNDE	bad		2025-07-30T18:10:31.516080	default
Cooking_With_Claudia_v7msworo9BQ	Creamy Sausage Pasta Recipe (Easy dinner recipe) - Creamy pasta	https://www.youtube.com/watch?v=v7msworo9BQ	bad		2025-07-30T18:10:35.602515	default
Chinese_Cooking_Demystified_rluJCWiErVM	Guangxi's Criminally Underrated Pork Noodle Soup (ÂèâÁÉßÁ≤â)	https://www.youtube.com/watch?v=rluJCWiErVM	bad		2025-07-30T18:10:39.859181	default
Math_and_Science_4r7ccS3Wz_s	Lesson 8 - Cofunction And Even Odd Identities (Trig & PreCalculus)	https://www.youtube.com/watch?v=4r7ccS3Wz_s	good		2025-07-30T18:10:47.027264	default
AumSum_Time_24wO1G_7fyc	Layers of the Earth | #aumsum #kids #science #education #children	https://www.youtube.com/watch?v=24wO1G_7fyc	bad		2025-07-30T18:10:54.531153	default
Steve_Kaufmann_IF64UTVzWA8	Learning vocabulary on my iPad	https://www.youtube.com/watch?v=IF64UTVzWA8	bad		2025-07-30T18:29:55.128943	default
Vox_uXALot_v3mQ	How saber-toothed cats grew their mouth swords	https://www.youtube.com/watch?v=uXALot_v3mQ	bad		2025-07-30T18:30:13.113837	default
Chubbyemu_5mO0iz3fMHA	THIS GAME IS SO HARD (1am) | Emily Wants to Play Part 2	https://www.youtube.com/watch?v=5mO0iz3fMHA	bad		2025-07-30T18:30:20.354075	default
IBM_Technology_eizn9TC68E8	Protecting Yourself from Ransomware	https://www.youtube.com/watch?v=eizn9TC68E8	bad		2025-07-30T18:30:26.449340	default
PewDiePie__Hf13K3UW1I	The Impossible Game? (Geometry Dash)	https://www.youtube.com/watch?v=_Hf13K3UW1I	bad		2025-07-30T18:30:32.216597	default
Real_Time_Bill_Maher_nnV2Ulu9HnE	Overtime: Chris Christie, Eric Idle, Natasha Bertrand, Malcolm Nance, Jack Kingston | Real Time	https://www.youtube.com/watch?v=nnV2Ulu9HnE	bad		2025-07-30T18:30:42.937602	default
Engineering_Explained_w7mgEp_zMXQ	What is Drifting - Explained	https://www.youtube.com/watch?v=w7mgEp_zMXQ	bad		2025-07-30T18:31:05.553263	default
PewDiePie_U4l-QnLwNuQ	TOTALLY ACCURATE BATTLE SIMULATOR!	https://www.youtube.com/watch?v=U4l-QnLwNuQ	bad		2025-07-30T18:31:10.144646	default
LEARN_vRuuwdXrcAg	Unboxing Sphero indi	https://www.youtube.com/watch?v=vRuuwdXrcAg	good		2025-07-30T18:31:27.056252	default
Engineering_Explained_ccMg-KzMgU8	Anti-Lag - How Hyundai Eliminates Turbo Lag	https://www.youtube.com/watch?v=ccMg-KzMgU8	good		2025-07-30T18:31:35.648637	default
IBM_Technology_n2eT3JRGAM4	Risk-Based Authentication Explained	https://www.youtube.com/watch?v=n2eT3JRGAM4	bad		2025-07-30T18:31:41.048647	default
Conan_OBrien_fQEs3Irurgw	"Conan Discovers ""Late Night"" Is An Undercover Sting Operation | Late Night with Conan O‚ÄôBrien"	https://www.youtube.com/watch?v=fQEs3Irurgw	bad		2025-07-30T18:32:04.136783	default
AumSum_Time_lM1Hu33WX-c	What if France Disappeared? + more videos | #aumsum #kids #science #education #children	https://www.youtube.com/watch?v=lM1Hu33WX-c	bad		2025-07-30T18:32:09.360653	default
Saturday_Night_Live_Ar4FLqPS8RE	Costco Meeting ft. Lizzo - SNL	https://www.youtube.com/watch?v=Ar4FLqPS8RE	bad		2025-07-30T18:32:14.489774	default
Practical_Wisdom_Interesting_Ideas_J6oHchaCxvM	10 Money Rules for Financial Success	https://www.youtube.com/watch?v=J6oHchaCxvM	good		2025-07-30T18:32:21.983157	default
Khan_Academy_DRtLXagrMHw	Cosmological time scale 1 | Scale of the universe | Cosmology & Astronomy | Khan Academy	https://www.youtube.com/watch?v=DRtLXagrMHw	good		2025-07-30T18:32:29.033518	default
Conan_OBrien_92vtSZbnTh8	Kevin Nealon Draws A Caricature Of Conan | Late Night with Conan O‚ÄôBrien	https://www.youtube.com/watch?v=92vtSZbnTh8	bad		2025-07-30T18:32:36.664247	default
The_School_of_Life_XENTaHpbb74	The Need to be Alone	https://www.youtube.com/watch?v=XENTaHpbb74	bad		2025-07-30T18:32:47.617476	default
DanTDM_OoewnxVwpvU	OVERPOWERED FLOWERPOTS | Minecraft: Block Hunt Minigame!	https://www.youtube.com/watch?v=OoewnxVwpvU	bad		2025-07-30T18:32:54.511808	default
Extra_History_qNDE113vs28	Rome & The Third Century Crisis | Taking A Stab At It | Roman History | Extra History | Part 1	https://www.youtube.com/watch?v=qNDE113vs28	good		2025-07-30T18:33:03.208863	default
Real_Time_Bill_Maher_Uz1MJLC50Z4	Real Time With Bill Maher: Overtime - Episode #246	https://www.youtube.com/watch?v=Uz1MJLC50Z4	bad		2025-07-30T18:33:20.841265	default
WIRED_dommHUPW6is	Never Have I Ever Cast Answer the Web's Most Searched Questions | WIRED	https://www.youtube.com/watch?v=dommHUPW6is	good		2025-07-30T18:33:31.033328	default
Aunty_Donna_C13xyr-ak20	Selling Burnt DVDs of Our Netflix Show to Promote Our Netflix Show	https://www.youtube.com/watch?v=C13xyr-ak20	bad		2025-07-30T18:33:40.495170	default
David_Taylor_W65vkwccZkE	WRTG394 - Week 5 Overview	https://www.youtube.com/watch?v=W65vkwccZkE	good		2025-07-30T18:33:54.687952	default
TopThink_extzTbx8O0Q	10 Ways to Boost Your Motivation INSTANTLY	https://www.youtube.com/watch?v=extzTbx8O0Q	good		2025-07-30T18:34:00.134617	default
National_Geographic_0xgHU4hOZgI	Medieval Forts Restored as Spectacular Hunza Valley Builds Its Future | National Geographic	https://www.youtube.com/watch?v=0xgHU4hOZgI	good		2025-07-30T18:34:06.111875	default
TopThink_AAPBXPoRKOw	7 Habits to Instantly Be More Charismatic	https://www.youtube.com/watch?v=AAPBXPoRKOw	good		2025-07-30T18:34:14.121663	default
David_Taylor_J0QYu7HqZFs	EDT631 Final Projects (National University): JR Ginex-Orinon	https://www.youtube.com/watch?v=J0QYu7HqZFs	bad		2025-07-30T18:34:20.687047	default
PolyMatter_Gh7b2SSYrro	How Unused Gift Cards Power Delaware‚Äôs Economy	https://www.youtube.com/watch?v=Gh7b2SSYrro	good		2025-07-30T18:34:27.095639	default
Practical_Wisdom_Interesting_Ideas__D05clJr_lg	The Secret Code of Silent Millionaires	https://www.youtube.com/watch?v=_D05clJr_lg	good		2025-07-30T18:34:31.758824	default
Max_Lugavere_7fuVlDkTnoo	What's The Best Workout For Cardiovascular Exercise? - Mark Sisson	https://www.youtube.com/watch?v=7fuVlDkTnoo	good		2025-07-30T18:34:37.111542	default
Lindie_Botes_H-mD5i8tYc4	ÎÇ®ÏïÑÍ≥µ ÏáºÌïëÎ™∞ÏùÄ Ïñ¥Îñ§ Î™®ÏäµÏùºÍπå? Shopping in SA Vlog [EngSub]	https://www.youtube.com/watch?v=H-mD5i8tYc4	good		2025-07-30T18:34:58.199085	default
AsapSCIENCE_LNDE_LDWXW0	Do Periods Actually Make Women Moody? Ft. iiSuperwomanii	https://www.youtube.com/watch?v=LNDE_LDWXW0	bad		2025-07-30T18:35:06.032937	default
The_School_of_Life_IKTd98LzAp8	The Best Chat up Lines	https://www.youtube.com/watch?v=IKTd98LzAp8	good		2025-07-30T18:35:13.814764	default
Wendover_Productions_xX0ozxrZlEQ	How Rwanda is Becoming the Singapore of Africa	https://www.youtube.com/watch?v=xX0ozxrZlEQ	good		2025-07-30T18:35:19.526068	default
Practical_Wisdom_Interesting_Ideas_KJMNRwnsqZk	10 Powerful Lessons Rich People Understand The Poor & Middle Class Don't	https://www.youtube.com/watch?v=KJMNRwnsqZk	good		2025-07-30T18:35:23.782461	default
RottenTomatoes_22Xiae6LXdU	Kung Fu Panda 2 (2011) - Cannonball Factory Scene (7/10) | Movieclips	https://www.youtube.com/watch?v=22Xiae6LXdU	good		2025-07-30T18:35:28.951425	default
Conan_OBrien_ekM9nV_IAoY	Conan Poaches His Executive Producer‚Äôs Assistant | Conan O'Brien Needs A Friend	https://www.youtube.com/watch?v=ekM9nV_IAoY	bad		2025-07-30T18:35:42.144433	default
Science_Channel_IPDxtclZzVU	"A ""Titanic"" Myth: Would Jack Have Survived if Rose Had Shared the Door?"	https://www.youtube.com/watch?v=IPDxtclZzVU	bad		2025-07-30T18:36:01.038629	default
Extra_History_tlkLbJCtR2k	History of Dentistry - Demons and Tooth Worms - Extra History - Part 1	https://www.youtube.com/watch?v=tlkLbJCtR2k	good		2025-07-30T18:36:11.958912	default
Extra_History_3teiT--QGzo	Isaac Asimov - Laws of Robotics - Extra Sci Fi - Part 2	https://www.youtube.com/watch?v=3teiT--QGzo	bad		2025-07-30T18:36:19.102690	default
LEARN_motq12X-j-U	LEARN Secondary 4 Science: Lithosphere contamination and soil depletion	https://www.youtube.com/watch?v=motq12X-j-U	good		2025-07-30T18:36:24.957453	default
Insane_Curiosity_huJutEZ_hOg	The Dark Forest Theory: We Found A Solution To The Fermi Paradox!	https://www.youtube.com/watch?v=huJutEZ_hOg	good		2025-07-30T18:36:33.294360	default
The_Graham_Norton_Show_Rb6NHh-5i6o	Celebs & Their Lookalikes! | The Graham Norton Show	https://www.youtube.com/watch?v=Rb6NHh-5i6o	bad		2025-07-30T18:36:40.510330	default
IBM_Technology_2fszvFC-O2I	Breaking legacy programs into microservices without breaking anything	https://www.youtube.com/watch?v=2fszvFC-O2I	bad		2025-07-30T18:36:48.222848	default
Real_Time_Bill_Maher_mz3QyNVDPBY	Oscars, Twitter Bullying, Celebrity Activism | Overtime with Bill Maher (HBO)	https://www.youtube.com/watch?v=mz3QyNVDPBY	bad		2025-07-30T18:36:57.702656	default
Veritasium_oBdalzRJR5g	Which Hits The Ground First?	https://www.youtube.com/watch?v=oBdalzRJR5g	bad		2025-07-30T18:37:07.032114	default
Saturday_Night_Live_3gWp4nvb3BU	Black Jeopardy ‚Äì SNL50 (360¬∞)	https://www.youtube.com/watch?v=3gWp4nvb3BU	bad		2025-07-30T18:37:13.557183	default
TED_v5OQeUwXlV4	The Case for Good Jobs ‚Äî and Why They‚Äôre Good for Business Too | Zeynep Ton | TED	https://www.youtube.com/watch?v=v5OQeUwXlV4	good		2025-07-30T18:37:26.775594	default
Science_Channel_HO7ECuUtswc	Pre-Cast Concrete Walls | How It's Made	https://www.youtube.com/watch?v=HO7ECuUtswc	bad		2025-07-30T18:37:36.423080	default
David_Taylor_yMLxEI9sNLY	WRTG 394: Virtual Tour of the Online Classroom	https://www.youtube.com/watch?v=yMLxEI9sNLY	bad		2025-07-30T18:37:46.598362	default
Practical_Engineering_B08iDMXYtR8	How Coastal Erosion Works	https://www.youtube.com/watch?v=B08iDMXYtR8	good		2025-07-30T18:37:53.757923	default
Science_Channel__NYfFUrNFUk	Worcestershire Sauce | How It's Made	https://www.youtube.com/watch?v=_NYfFUrNFUk	bad		2025-07-30T18:38:03.549283	default
Fun_Science__Xx6hXT4TqY	6  CREATIVE IDEAS FOR FAMILY AND FUN!	https://www.youtube.com/watch?v=_Xx6hXT4TqY	bad		2025-07-30T18:38:10.518054	default
Learn_Bright_lPgiDq__OVA	ASL T-Rex Facts for Kids	https://www.youtube.com/watch?v=lPgiDq__OVA	bad		2025-07-30T18:38:30.165526	default
BuzzFeed_Celeb_lssKALZDZ3A	"The ""Control Z"" Cast Tries To Survive A Social Media Scandal"	https://www.youtube.com/watch?v=lssKALZDZ3A	good		2025-07-30T18:38:42.348832	default
Max_Lugavere_nUZeu2VwHZI	The BEST Supplements To Build More Muscle - Dr. Mike Israetel	https://www.youtube.com/watch?v=nUZeu2VwHZI	good		2025-07-30T18:38:47.468485	default
Sprouts_HLiasZwWTjA	Societal Expectations and Inner Desires: The Complex Dynamics of Motivation	https://www.youtube.com/watch?v=HLiasZwWTjA	good		2025-07-30T18:38:54.469098	default
MIT_OpenCourseWare_aflMMnyAO0E	Lec 8a | MIT 14.01SC Principles of Microeconomics	https://www.youtube.com/watch?v=aflMMnyAO0E	good		2025-07-30T18:39:00.365173	default
Practical_Engineering_OZtPSy8BYOM	Turning a Segmented Bowl on the Lathe - Cherry and Spectraply	https://www.youtube.com/watch?v=OZtPSy8BYOM	bad		2025-07-30T18:39:24.628875	default
Knatim_EXQXv3jAffM	Engaging Students   in Mathematics Highlights,_Summary_and_Independent_Practice_2011-10-19.mov	https://www.youtube.com/watch?v=EXQXv3jAffM	bad		2025-07-30T18:39:31.770781	default
Khan_Academy_9ODhKqFaugQ	this video has been replaced, plus see link below for updated video	https://www.youtube.com/watch?v=9ODhKqFaugQ	bad		2025-07-30T18:39:37.332698	default
ElectroBOOM_xjW-isgOijs	Make a SUPER HIGH VOLTAGE Capacitor	https://www.youtube.com/watch?v=xjW-isgOijs	good		2025-07-30T18:39:45.242862	default
Fox_US_News_0Bs-t8bV5TA	'The Democrats are morally bankrupt': Failla	https://www.youtube.com/watch?v=0Bs-t8bV5TA	bad		2025-07-30T18:39:53.339773	default
RottenTomatoes_3gS7nTQJWDo	Ghostbusters: Afterlife (2021) - Marshmallow Men and a Terror Dog Scene (7/7) | Movieclips	https://www.youtube.com/watch?v=3gS7nTQJWDo	bad		2025-07-30T18:40:05.100190	default
Facts_2OjjQ6KRQ7Q	Irish People Watch Cake Boss For The First Time	https://www.youtube.com/watch?v=2OjjQ6KRQ7Q	good		2025-07-30T18:40:21.204278	default
AskTheLawyers_uagK3mqUuS8	Do I Have a Valid Slip and Fall Case? | Macon, GA Premises Liability Attorneys Explain the Law	https://www.youtube.com/watch?v=uagK3mqUuS8	bad		2025-07-30T18:40:32.227279	default
WIRED_xxiCVu_SdDw	MINI GOPRO! HERO4 Session: Full Review, Tests, Comparison Footage (WIRED)	https://www.youtube.com/watch?v=xxiCVu_SdDw	good		2025-07-30T18:40:38.620103	default
60_Minutes_n8PrMXQOaoc	Vietnam: Back to My Lai | 60 Minutes Archive	https://www.youtube.com/watch?v=n8PrMXQOaoc	bad		2025-07-30T18:40:50.722786	default
TED_Ed_brdrOzVgZX0	How are these fires burning underground? - Emma Bryce	https://www.youtube.com/watch?v=brdrOzVgZX0	good		2025-07-30T18:41:04.995330	default
Khan_Academy_Cy-v0XB7_YE	AP US history long essay example 1 | US History | Khan Academy	https://www.youtube.com/watch?v=Cy-v0XB7_YE	bad		2025-07-30T18:41:14.029430	default
Max_Lugavere_-cLDsyJ5HZg	What Are The Best Foods & Nutrients To Eat When Pregnant? - WeNatal	https://www.youtube.com/watch?v=-cLDsyJ5HZg	good		2025-07-30T18:41:23.843478	default
BuzzFeed_Celeb_b2-aChqxIhM	"The ""Sex Education"" Cast Plays Who's Who"	https://www.youtube.com/watch?v=b2-aChqxIhM	good		2025-07-30T18:41:33.371073	default
Sprouts_P3rbadeF9AI	7 Principles of Psychological Persuasion	https://www.youtube.com/watch?v=P3rbadeF9AI	good		2025-07-30T18:41:39.754573	default
RottenTomatoes_ldOg0GzsEDg	Resident Evil: Retribution (2012) - Jill vs. Alice Scene | Movieclips	https://www.youtube.com/watch?v=ldOg0GzsEDg	bad		2025-07-30T18:41:45.236565	default
Chubbyemu_GfmhCCT_2h8	How (and why) You Lose Strength On A Cut | Fat Loss Week 14	https://www.youtube.com/watch?v=GfmhCCT_2h8	good		2025-07-30T18:41:51.986899	default
Numberphile_3P6DWAwwViU	The Enormous TREE(3) - Numberphile	https://www.youtube.com/watch?v=3P6DWAwwViU	bad		2025-07-30T18:41:58.690292	default
Saturday_Night_Live_qVMW_1aZXRk	Donald Trump vs. Hillary Clinton Town Hall Debate Cold Open - SNL	https://www.youtube.com/watch?v=qVMW_1aZXRk	bad		2025-07-30T18:42:05.325677	default
Sprouts_yi0hwFDQTSQ	The Scientific Method: Steps, Examples, Tips, and Exercise	https://www.youtube.com/watch?v=yi0hwFDQTSQ	bad		2025-07-30T18:42:10.858487	default
NYT_Podcasts_Fh1mh6ppAdc	David Brooks: Maybe Bernie Sanders Is Right	https://www.youtube.com/watch?v=Fh1mh6ppAdc	good		2025-07-30T18:42:17.731729	default
Fox_US_News_bpto8U2sAmk	Biden pseudonym emails were to obscure 'illicit behavior,' says Gregg Jarrett	https://www.youtube.com/watch?v=bpto8U2sAmk	good		2025-07-30T18:42:30.627455	default
Sahari_59s_6YfBuFY	Every German House Style Explained In 15 Minutes	https://www.youtube.com/watch?v=59s_6YfBuFY	good		2025-07-30T18:42:35.795257	default
Sprouts_TGr8bMTSD4s	Cipolla‚Äôs 5 Laws of Human Stupidity	https://www.youtube.com/watch?v=TGr8bMTSD4s	bad		2025-07-30T18:42:41.273988	default
Facts_fkfWvvcWI_s	Irish People Watch To Catch A Predator	https://www.youtube.com/watch?v=fkfWvvcWI_s	bad		2025-07-30T18:43:03.642229	default
MIT_OpenCourseWare_CdAgzk5tQhs	Basic Mechanisms of Cloning, excerpt 1 | MIT 7.01SC Fundamentals of Biology	https://www.youtube.com/watch?v=CdAgzk5tQhs	good		2025-07-30T18:43:09.058436	default
Math_and_Science_EffwYvKM1Us	Alternate Interior Angles - Geometry Tutor	https://www.youtube.com/watch?v=EffwYvKM1Us	good		2025-07-30T18:43:13.497465	default
Real_Time_Bill_Maher_nw5Q6y2fTI8	Real Time With Bill Maher: Overtime - Episode #230	https://www.youtube.com/watch?v=nw5Q6y2fTI8	bad		2025-07-30T18:43:17.737797	default
Khan_Academy__alU-o_qDt8	Cimabue, Santa Trinita Madonna	https://www.youtube.com/watch?v=_alU-o_qDt8	bad		2025-07-30T18:43:31.362680	default
Khan_Academy_3UiffIzCNPQ	Guardian King of the West	https://www.youtube.com/watch?v=3UiffIzCNPQ	bad		2025-07-30T18:43:43.810569	default
Khan_Academy_R_5slDeVCQk	ROA discussion 2 | Stocks and bonds | Finance & Capital Markets | Khan Academy	https://www.youtube.com/watch?v=R_5slDeVCQk	good		2025-07-30T18:43:50.698094	default
Engineering_Explained_gvDerbIU-uY	Diffusers - Efficient Aerodynamics - Explained	https://www.youtube.com/watch?v=gvDerbIU-uY	bad		2025-07-30T18:44:37.018184	default
AskTheLawyers_nzuhyckxsuI	Can I Get Workers‚Äô Comp for a Job-Related Car Accident? | Georgia Work Injury Lawyer	https://www.youtube.com/watch?v=nzuhyckxsuI	good		2025-07-30T18:44:44.353603	default
CSPAN_L9W7TvmlX6A	American Artifacts Preview: Climbing the Old North Church Steeple	https://www.youtube.com/watch?v=L9W7TvmlX6A	bad		2025-07-30T18:44:50.761712	default
MIT_OpenCourseWare_v4YcejwdQC0	Manipulating Fourier Series | MIT 18.03SC Differential Equations, Fall 2011	https://www.youtube.com/watch?v=v4YcejwdQC0	bad		2025-07-30T18:44:56.041893	default
Max_Lugavere_e2RZ2nNZTIY	Are There Any Risks To Taking Methylene Blue? - Dr. Scott Sherr	https://www.youtube.com/watch?v=e2RZ2nNZTIY	bad		2025-07-30T18:45:08.265798	default
Sprouts_FYlzJc8aaC0	That‚Äôs How You Learn a New Language: 7 Effective Methods	https://www.youtube.com/watch?v=FYlzJc8aaC0	bad		2025-07-30T18:45:29.890643	default
TED_BH8dSEFxzjo	Could Psychedelics Help Patients in Therapy? | Benjamin Lewis | TED	https://www.youtube.com/watch?v=BH8dSEFxzjo	good		2025-07-30T18:45:40.986355	default
Math_and_Science_PzCjsR_v-tU	01 - What is a Rational Number? - Part 1	https://www.youtube.com/watch?v=PzCjsR_v-tU	bad		2025-07-30T18:45:46.313731	default
The_School_of_Life_tgBIPZSwi20	Why We Should Expect Less Of Love	https://www.youtube.com/watch?v=tgBIPZSwi20	bad		2025-07-30T18:45:50.241012	default
Khan_Academy_Gg6ju-lHCwU	Introduction to Islam  | World History | Khan Academy	https://www.youtube.com/watch?v=Gg6ju-lHCwU	good		2025-07-30T18:45:55.636901	default
IBM_Technology_EfqaM2LwTAo	Deliver quality data with a unified data and AI platform	https://www.youtube.com/watch?v=EfqaM2LwTAo	bad		2025-07-30T18:46:02.864666	default
RottenTomatoes_N5PNlMUcaPE	Reversal of Fortune (1990) - Why Help Guilty People? Scene (4/10) | Movieclips	https://www.youtube.com/watch?v=N5PNlMUcaPE	bad		2025-07-30T18:46:07.152677	default
RottenTomatoes_K5i6d4rwoMo	Hanna (2011) - The Abandoned Amusement Park Chase Scene | Movieclips	https://www.youtube.com/watch?v=K5i6d4rwoMo	bad		2025-07-30T18:46:11.952349	default
TopThink_iPOK1329nlc	10 Habits You Should Quit Right Now	https://www.youtube.com/watch?v=iPOK1329nlc	good		2025-07-30T18:46:19.159895	default
Jimmy_Fallon_MOnqJrl5s-w	Sharon Van Etten & The Attachment Theory: Southern Life (What It Must Be Like) | The Tonight Show	https://www.youtube.com/watch?v=MOnqJrl5s-w	bad		2025-07-30T18:46:28.418180	default
Practical_Wisdom_Interesting_Ideas_YK1IN1cOXE8	A Beginner's Guide to Investing in the S&P-500 In 2024	https://www.youtube.com/watch?v=YK1IN1cOXE8	good		2025-07-30T18:46:34.072009	default
Gordon_Ramsay_RKctlPtb64g	Gordon Ramsay Spits Out His Hotel Food | Hotel Hell	https://www.youtube.com/watch?v=RKctlPtb64g	bad		2025-07-30T18:46:39.488624	default
MIT_OpenCourseWare_zrFJKy5l_PY	Predator-Prey Equations	https://www.youtube.com/watch?v=zrFJKy5l_PY	bad		2025-07-30T18:46:44.623996	default
Cooking_With_Claudia_PC0U8N2AP00	Meet My New Puppy - 12 Weeks Old Samoyed Puppy + New Channel	https://www.youtube.com/watch?v=PC0U8N2AP00	good		2025-07-30T18:46:51.335742	default
Berklee_SbSFf71JJZ0	Multiband Compression - Part 6 of 7 - Composing and Producing Electronic Music	https://www.youtube.com/watch?v=SbSFf71JJZ0	good		2025-07-30T18:46:57.595258	default
Khan_Academy_FnkATpF4O2Q	Mark Rothko's No. 3/No. 13, 1949	https://www.youtube.com/watch?v=FnkATpF4O2Q	bad		2025-07-30T18:47:01.113605	default
Sprouts_jJajz9n9Oi4	Sunk Cost Fallacy: Not Knowing When It‚Äôs Time to Stop	https://www.youtube.com/watch?v=jJajz9n9Oi4	bad		2025-07-30T18:47:07.360153	default
Allure_QabrOI4zn8Q	3 Makeup Artists Turn a Model Into The Mona Lisa | Triple Take | Allure	https://www.youtube.com/watch?v=QabrOI4zn8Q	good		2025-07-30T18:47:13.241766	default
LawShelf_aMTYKzEYIZ0	Napster Revisited? The EMI case	https://www.youtube.com/watch?v=aMTYKzEYIZ0	bad		2025-07-30T18:47:16.935774	default
Fox_US_News_kFEwZvIoeIw	This national security issue is ‚Äòby design‚Äô: Tom Homan	https://www.youtube.com/watch?v=kFEwZvIoeIw	good		2025-07-30T18:47:24.167513	default
TED_Ed_jP-9AD0wMOk	What causes heartburn? - Rusha Modi	https://www.youtube.com/watch?v=jP-9AD0wMOk	good		2025-07-30T18:47:35.016887	default
The_Coding_Train_m463X1cqV6s	3.5 Simple Harmonic Motion - Nature of Code	https://www.youtube.com/watch?v=m463X1cqV6s	bad		2025-07-30T18:47:41.104555	default
BBC_World_Service_2gv5SDWk43Q	What‚Äôs being done to tackle skin-lightening in Nigeria? - BBC World Service	https://www.youtube.com/watch?v=2gv5SDWk43Q	bad		2025-07-30T18:47:52.321560	default
MrBeast_Gaming_c8kWStfQW6M	Last to Survive Raining TNT wins $10,000 - Challenge	https://www.youtube.com/watch?v=c8kWStfQW6M	good		2025-07-30T18:47:58.015582	default
Science_Olympiad_TV_4j1HGiymz9g	Science Olympiad MY SO STEM Session for Epidemiology Month ‚Äì Career Pathways and Alumni Interviews	https://www.youtube.com/watch?v=4j1HGiymz9g	good		2025-07-30T18:48:02.047680	default
PowerfulJRE_DsiKEBAFmm4	Travis Walton Tells His Story of Alien Abduction	https://www.youtube.com/watch?v=DsiKEBAFmm4	good		2025-07-30T18:48:42.498200	default
PowerfulJRE_QwfJIFH3WMY	Travis Walton Remembers Encounter with Aliens	https://www.youtube.com/watch?v=QwfJIFH3WMY	good		2025-07-30T18:49:14.784242	default
Education_Week_GsBODpvAeGs	Do Students Need Mental Health Supports? Or Are We Just Coddling Them?	https://www.youtube.com/watch?v=GsBODpvAeGs	good		2025-07-30T18:49:29.472913	default
AsapSCIENCE_LIYEhcOn0a4	What If We Killed Every Mosquito On Earth?	https://www.youtube.com/watch?v=LIYEhcOn0a4	good		2025-07-30T18:49:40.663213	default
Kurzgesagt_8HslUzw35mc	Homeopathy Explained ‚Äì Gentle Healing or Reckless Fraud?	https://www.youtube.com/watch?v=8HslUzw35mc	good		2025-07-30T18:50:23.815042	default
IBM_Technology_-dAmqHFWzyg	Top 5 AI Myths	https://www.youtube.com/watch?v=-dAmqHFWzyg	good		2025-07-30T18:50:33.431064	default
Math_and_Science_Ypoad4wtJ7A	01 - Introduction to Java And How To Use This Course	https://www.youtube.com/watch?v=Ypoad4wtJ7A	good		2025-07-30T18:51:13.446873	default
Allure_gOoqwxB3Prg	Celebrity Hairstylist Surprises 5 Women with Makeovers in New York City | Allure	https://www.youtube.com/watch?v=gOoqwxB3Prg	bad		2025-07-30T18:51:41.661752	default
Fox_US_News_Y4rf_6qNKKg	Gutfeld: This is the kind of political story we need!	https://www.youtube.com/watch?v=Y4rf_6qNKKg	bad		2025-07-30T18:52:04.799235	default
Unbox_Therapy_QptbdEci-m8	Unboxing The 8K Action Camera	https://www.youtube.com/watch?v=QptbdEci-m8	good		2025-07-30T18:52:15.061435	default
Facts_UmUwUyNuoHo	Irish People Watch Extreme Couponing	https://www.youtube.com/watch?v=UmUwUyNuoHo	bad		2025-07-30T18:53:06.382004	default
Unbox_Therapy_18BqKMkoLcU	Giant Mystery Unboxing...	https://www.youtube.com/watch?v=18BqKMkoLcU	good		2025-07-30T18:54:19.422626	default
Sam_ONella_Academy_7XUHmxx4_dY	How to Gain Weight -- Tips Tuesday	https://www.youtube.com/watch?v=7XUHmxx4_dY	good		2025-07-30T18:54:24.036467	default
Max_Lugavere_6vYrIPbQuRY	How To Actually DETOX Your Body From Toxins - Dr. Nicole Cain	https://www.youtube.com/watch?v=6vYrIPbQuRY	good		2025-07-30T18:54:45.670542	default
NYT_Podcasts_Y7J5PHeEg8k	Hungary Shows Us How a Second Trump Term Might Play Out	https://www.youtube.com/watch?v=Y7J5PHeEg8k	good		2025-07-30T18:54:56.246287	default
Khan_Academy_cyW5z-M2yzw	Music And Measure Theory	https://www.youtube.com/watch?v=cyW5z-M2yzw	good		2025-07-30T18:55:15.277577	default
IBM_Technology_QiqZliDXCCg	Exploratory Data Analysis	https://www.youtube.com/watch?v=QiqZliDXCCg	bad		2025-07-30T18:55:28.372427	default
FGTeeV_TIjvVeYg-Bc	GETTIN' GOOZY üéµ FGTeeV Official Music Video	https://www.youtube.com/watch?v=TIjvVeYg-Bc	good		2025-07-30T18:55:52.445742	default
Technology_Connections_IcIpzWeqO1c	Home Automation: A Beginner's Introduction	https://www.youtube.com/watch?v=IcIpzWeqO1c	good		2025-07-30T18:56:11.615222	default
